Day,Sample_Volume,Equipment_Downtime_Percent,Repeat_Error_Rate_Percent,Manual_Processing_Hours,Staff_Available,Equipment_Utilisation_Percent,Turnaround_Time_Hours
1,129,7.2,2.0,2.1,7,73.5,5.6
2,91,4.7,2.5,2.3,6,61.6,5.7
3,141,10.0,3.4,2.9,6,84.3,8.4
4,146,2.1,1.3,4.8,8,82.6,6.7
5,65,2.4,0.8,1.7,7,47.7,4.4
6,84,3.1,2.2,1.5,8,70.1,3.7
7,124,0.5,1.0,3.3,8,73.5,5.5
8,111,5.8,1.9,1.5,6,64.5,4.6
9,120,4.8,3.9,2.5,8,81.3,5.3
10,96,5.7,1.5,3.1,8,70.2,4.3
11,145,9.8,4.0,3.1,5,74.6,6.2
12,142,5.5,0.7,1.6,10,90.0,5.8
13,122,4.3,4.2,2.5,6,80.2,5.7
14,152,6.2,4.7,4.3,4,86.5,7.9
15,133,8.6,3.7,3.2,5,91.0,6.7
16,96,2.8,3.1,1.9,5,69.9,4.7
17,130,3.5,3.1,2.3,7,76.8,6.8
18,93,5.5,0.7,1.7,7,61.3,5.4
19,145,6.8,3.1,3.3,6,86.6,6.1
20,119,0.5,2.9,3.1,8,76.0,4.9
21,115,1.6,1.6,2.9,8,71.6,4.1
22,101,6.5,0.5,2.3,8,61.8,5.0
23,154,6.5,3.0,2.3,8,84.1,6.6
24,116,2.6,0.5,1.6,8,71.3,3.6
25,108,3.2,4.6,3.1,3,65.1,6.5
26,110,3.2,1.9,1.7,6,61.7,4.4
27,135,7.5,3.0,3.1,3,86.5,8.6
28,130,0.5,1.9,2.9,7,58.8,5.6
29,132,3.2,0.5,2.1,7,79.0,5.5
30,132,4.9,1.0,1.9,9,72.3,3.5
31,180,7.1,5.2,3.3,9,99.2,8.1
32,109,5.1,4.5,2.6,7,67.2,7.0
33,106,2.0,3.1,3.0,6,75.4,6.2
34,97,4.2,1.6,2.3,8,63.3,3.5
35,137,7.7,3.0,3.0,6,80.9,6.6
36,152,7.2,2.5,2.7,7,88.8,6.0
37,117,4.2,3.6,1.6,9,67.9,5.8
38,96,4.4,1.5,1.9,6,74.8,4.8
39,97,1.2,3.6,2.2,8,59.1,3.9
40,138,5.1,4.4,2.9,8,80.5,6.4
41,141,16.6,1.8,2.0,5,88.8,5.8
42,135,5.1,1.6,2.1,9,81.1,4.5
43,101,3.3,1.3,2.7,8,80.7,4.6
44,127,3.1,2.5,2.7,7,70.8,6.0
45,123,4.1,2.2,1.9,6,66.2,4.0
46,126,3.4,6.8,4.2,5,70.8,7.2
47,144,7.0,2.5,3.1,6,86.8,7.6
48,126,6.2,2.9,2.7,8,78.3,4.9
49,139,16.2,5.0,3.3,5,82.4,8.7
50,122,6.8,2.3,2.2,8,65.7,5.3
51,128,7.8,3.2,2.5,5,83.8,7.8
52,138,2.1,2.6,4.0,7,70.8,6.1
53,79,2.1,1.8,2.3,7,69.8,3.8
54,111,5.8,2.2,2.3,11,87.3,5.2
55,107,3.6,2.9,2.8,5,74.7,4.8
56,102,1.6,1.2,1.3,10,69.7,3.5
57,112,2.9,3.9,3.1,7,68.1,5.3
58,162,3.4,4.2,2.7,8,72.9,6.5
59,96,1.8,1.7,2.2,7,62.6,4.8
60,147,3.8,1.3,2.0,8,73.4,5.7
61,73,5.6,0.5,1.0,7,49.8,3.5
62,111,5.7,1.5,2.2,10,80.4,4.6
63,125,10.5,3.1,2.3,6,78.4,7.5
64,136,5.5,1.4,1.5,9,79.5,4.4
65,140,4.4,2.6,3.3,6,78.8,6.6
66,142,5.1,2.8,4.1,7,79.4,6.7
67,110,5.7,1.4,3.3,5,79.8,5.9
68,107,4.9,1.5,2.0,8,68.9,3.5
69,144,10.0,1.5,2.6,10,81.9,6.9
70,115,2.4,1.5,2.9,7,71.1,4.5
71,84,5.0,1.6,2.5,7,60.8,5.0
72,88,3.5,0.5,2.0,5,56.6,3.8
73,94,0.5,1.8,2.1,7,52.4,3.6
74,134,6.8,4.5,3.3,4,79.4,8.3
75,124,7.7,2.8,3.1,5,77.6,7.3
76,139,2.3,2.5,2.8,7,70.7,5.8
77,108,3.9,2.1,2.0,9,68.2,4.8
78,124,0.5,1.1,2.8,12,70.6,3.6
79,138,0.8,2.7,3.6,6,65.3,6.1
80,111,5.5,2.9,2.3,10,61.9,4.2
81,133,4.3,4.4,3.7,7,80.8,7.3
82,101,1.8,2.1,2.0,7,71.0,3.9
83,110,3.7,3.4,3.1,8,61.9,6.2
84,109,3.1,0.5,2.6,7,71.8,4.4
85,87,3.2,4.1,3.7,7,71.3,5.3
86,134,7.3,3.3,2.2,6,84.6,7.0
87,107,1.8,3.2,2.3,4,72.4,5.5
88,120,2.5,3.5,3.1,4,73.7,6.1
89,133,4.7,2.9,2.9,8,72.5,5.7
90,133,7.5,3.5,3.8,7,81.2,7.5
91,139,8.2,3.6,2.6,6,82.1,6.5
92,117,11.1,2.7,3.0,7,77.5,6.3
93,108,6.2,3.2,2.8,8,70.3,5.3
94,118,3.4,1.0,2.9,7,79.1,5.7
95,73,7.2,0.9,1.3,6,61.6,3.8
96,79,1.1,3.4,2.3,9,65.2,4.9
97,83,6.6,0.9,2.2,10,66.0,3.5
98,92,1.6,1.3,2.2,8,59.0,3.6
99,131,7.7,1.8,2.6,9,62.6,5.3
100,95,6.0,1.8,2.0,9,75.3,3.5
101,109,1.9,0.7,2.0,9,70.5,3.5
102,156,3.1,3.4,3.4,8,71.8,6.1
103,110,5.3,2.8,2.2,8,65.0,5.7
104,141,8.0,2.1,2.3,8,84.7,6.1
105,94,3.5,2.5,1.7,5,66.2,4.4
106,114,3.9,2.5,1.9,8,67.6,5.5
107,93,6.6,3.4,2.4,5,77.7,6.6
108,111,3.8,2.4,2.5,6,65.0,6.1
109,144,1.7,6.0,2.8,9,73.6,5.6
110,72,1.2,2.1,1.7,9,59.1,3.5
111,132,5.4,2.4,2.0,10,77.3,6.2
112,127,7.8,2.5,3.5,7,79.6,6.6
113,103,8.5,2.3,2.3,5,77.3,5.6
114,80,5.1,2.8,1.6,7,63.4,4.6
115,122,5.6,4.5,2.8,7,78.0,6.9
116,105,5.5,2.8,1.2,7,67.7,4.3
117,127,3.1,2.7,2.0,9,74.5,5.0
118,121,4.4,1.8,3.2,6,76.1,6.4
119,165,4.3,3.6,2.3,8,88.0,5.9
120,113,2.4,1.6,3.2,5,79.3,5.7
121,91,4.6,0.5,2.7,8,68.2,3.5
122,125,5.1,2.8,2.4,7,75.8,5.0
123,126,5.7,3.5,2.9,6,71.1,5.9
124,158,7.0,5.2,3.8,7,85.9,8.3
125,143,5.8,3.6,2.7,7,80.7,6.3
126,130,6.2,3.7,3.2,7,78.4,6.1
127,161,7.2,2.1,2.5,10,98.7,6.5
128,87,4.0,1.3,1.7,7,60.4,3.5
129,102,2.7,0.5,1.8,7,71.6,4.3
130,94,5.8,0.7,2.7,3,77.7,6.2
131,109,5.9,3.7,3.2,5,73.4,6.2
132,81,3.6,0.7,1.7,7,78.7,3.6
133,138,5.1,3.7,2.3,6,77.8,6.6
134,114,3.0,2.5,1.6,9,72.5,3.5
135,79,1.8,0.9,2.0,7,56.1,3.9
136,92,0.7,2.3,2.8,9,61.1,6.0
137,129,7.8,2.4,2.9,7,78.4,6.1
138,143,8.3,1.5,2.7,7,86.8,6.4
139,176,7.8,4.9,3.9,7,93.0,9.1
140,200,21.2,5.6,3.8,7,100.0,11.9
141,132,9.7,2.0,2.2,10,73.9,6.0
142,92,10.5,4.5,2.0,3,67.3,4.9
143,60,4.6,1.1,2.7,3,78.9,5.0
144,127,5.7,2.4,1.4,6,79.9,7.2
145,97,2.4,0.9,2.5,7,62.1,4.6
146,108,4.3,2.6,1.9,8,64.5,3.9
147,103,5.0,1.8,1.9,8,61.3,4.6
148,116,5.0,3.5,3.5,6,80.4,5.5
149,150,8.9,2.1,2.4,9,78.4,7.0
150,124,5.1,1.2,2.0,9,74.1,4.1
151,116,5.0,3.2,2.4,7,72.4,5.5
152,91,13.0,3.7,2.0,9,68.4,4.6
153,73,3.9,1.7,1.4,7,54.0,3.5
154,106,3.1,0.6,1.5,6,63.3,5.2
155,118,3.2,2.1,1.9,8,74.0,4.8
156,170,4.9,7.0,4.1,7,93.2,8.3
157,124,10.8,3.1,2.6,7,77.5,5.7
158,148,3.9,4.3,2.9,10,73.7,4.8
159,106,1.8,1.8,2.6,3,78.5,4.8
160,87,1.7,1.8,1.9,4,61.9,4.5
161,93,3.4,3.2,3.2,5,64.2,6.1
162,100,4.5,2.3,2.2,6,62.4,4.5
163,180,8.6,3.8,3.4,7,100.0,9.4
164,97,6.1,2.0,3.1,4,74.5,5.3
165,143,4.6,4.4,2.8,5,87.1,7.0
166,95,5.6,3.2,2.0,5,77.2,4.6
167,146,5.2,4.0,2.5,11,97.5,6.7
168,131,1.9,3.8,2.4,10,62.3,6.3
169,116,1.9,2.6,2.7,6,68.6,4.1
170,119,1.5,2.9,3.8,6,70.4,5.6
171,102,5.9,3.8,2.6,5,64.6,6.6
172,132,6.0,3.4,1.8,4,73.1,5.4
173,107,6.0,1.2,2.5,7,68.0,5.3
174,86,3.1,0.9,2.2,5,57.3,5.1
175,84,5.3,2.1,1.9,7,65.5,4.3
176,125,1.2,2.9,3.1,4,78.9,6.6
177,164,8.4,4.3,3.4,6,91.6,9.3
178,124,5.5,3.7,2.6,7,78.8,7.3
179,117,6.2,3.2,2.7,8,76.3,5.6
180,128,5.2,3.7,2.2,8,72.8,5.3
181,157,5.2,1.9,2.9,5,100.0,6.7
182,126,1.4,3.4,4.1,9,75.4,6.3
183,108,1.4,2.5,2.0,6,58.4,3.9
184,151,5.9,1.9,3.0,8,75.3,6.1
185,132,5.1,1.7,1.9,7,65.4,5.3
186,163,3.2,3.4,3.6,5,89.0,7.3
187,125,12.6,3.0,2.2,6,75.6,6.8
188,86,1.4,2.7,1.5,8,59.5,5.3
189,82,3.9,3.7,2.3,8,75.7,4.4
190,166,3.5,3.3,3.6,7,91.6,7.1
191,168,3.2,4.1,3.3,10,90.5,7.5
192,115,1.6,1.6,1.2,9,64.0,4.0
193,109,3.6,3.1,3.3,7,63.7,6.4
194,161,3.2,3.5,2.5,8,85.6,6.6
195,89,3.1,1.8,2.4,10,62.9,3.5
196,95,5.3,3.0,2.2,11,49.5,3.5
197,138,2.4,4.6,3.4,5,80.1,5.9
198,109,4.0,1.1,2.1,5,72.8,3.8
199,120,6.3,2.8,2.2,10,69.5,5.1
200,115,3.0,3.3,2.4,5,68.8,4.7
201,129,7.9,3.7,2.9,5,74.9,7.7
202,159,8.4,5.2,3.2,6,85.5,8.1
203,123,3.9,1.8,1.3,8,74.5,4.4
204,138,8.0,3.9,3.5,7,83.6,6.6
205,63,10.0,2.0,1.6,6,65.5,4.7
206,119,3.6,0.5,2.4,6,72.6,4.5
207,96,4.6,1.6,1.9,6,64.6,3.9
208,86,4.7,1.5,2.3,5,68.9,5.4
209,95,6.0,0.5,1.1,11,66.8,3.5
210,111,2.6,2.4,1.0,8,67.3,3.9
211,146,5.9,3.6,3.0,9,85.3,6.9
212,83,4.0,1.9,2.3,6,70.8,4.4
213,121,7.1,2.0,2.4,7,83.3,6.0
214,106,3.3,2.0,1.8,6,83.2,4.4
215,111,6.3,4.1,2.9,3,69.2,8.0
216,148,6.7,2.6,2.5,5,84.5,6.5
217,135,2.5,3.1,2.6,4,81.6,7.5
218,157,8.8,5.4,3.3,3,88.4,8.6
219,116,9.0,1.4,3.2,5,70.3,6.7
220,101,5.2,1.2,1.7,9,55.9,4.4
221,114,7.6,1.8,2.2,7,72.8,6.0
222,127,4.1,2.8,3.5,9,68.7,5.0
223,125,1.0,1.8,2.7,8,75.1,5.6
224,90,0.5,1.5,2.0,8,58.4,4.8
225,123,4.6,4.8,2.6,5,69.2,6.2
226,126,3.5,1.8,2.2,8,76.4,5.1
227,190,4.8,4.1,2.5,8,95.1,7.3
228,173,6.7,6.9,4.1,6,95.0,8.9
229,96,6.7,1.2,2.2,8,81.1,5.7
230,112,1.2,3.5,2.2,8,72.5,4.1
231,79,2.7,1.6,1.8,6,66.1,3.5
232,103,6.7,4.5,2.9,5,63.4,7.2
233,129,1.7,3.2,2.1,5,69.7,6.0
234,154,8.8,3.9,2.8,7,95.3,8.9
235,100,2.0,0.9,1.4,8,60.5,3.5
236,102,4.5,2.0,3.3,6,62.3,5.4
237,60,5.4,1.7,1.9,7,55.7,3.5
238,115,5.8,2.3,1.1,8,70.9,4.6
239,90,5.0,0.9,1.0,8,57.7,3.5
240,105,0.9,0.7,1.8,10,64.4,3.8
241,95,6.9,1.0,1.6,9,73.1,4.2
242,117,2.2,3.1,2.0,5,69.5,5.3
243,71,3.6,2.7,2.3,10,46.5,3.5
244,79,4.6,1.2,2.1,6,69.3,3.5
245,180,7.7,3.7,3.6,9,93.4,8.4
246,84,3.7,1.7,1.5,7,58.9,3.5
247,89,1.1,3.4,2.5,6,54.6,5.0
248,171,3.0,5.7,3.6,4,87.1,9.8
249,200,9.1,4.1,3.8,7,97.6,10.1
250,87,5.1,2.2,2.6,4,75.3,4.3
251,110,5.7,0.5,1.2,9,61.7,3.5
252,130,4.4,2.4,3.2,10,73.4,5.6
253,168,3.7,5.9,3.6,6,94.1,8.2
254,92,5.1,0.5,2.6,8,47.9,3.5
255,113,4.4,0.5,1.9,6,80.1,5.1
256,142,5.2,2.3,2.5,6,73.3,6.2
257,132,3.7,2.5,2.0,8,78.9,6.5
258,109,8.0,3.0,2.5,7,72.4,5.4
259,116,3.0,2.0,2.1,10,77.4,5.1
260,82,3.1,2.7,1.7,6,67.5,3.5
261,113,7.5,0.5,1.6,9,53.3,3.6
262,113,1.3,2.7,1.7,7,66.4,5.0
263,127,5.5,2.2,2.5,8,76.1,6.2
264,104,7.5,2.9,2.1,6,68.8,4.8
265,133,4.3,1.3,2.4,7,81.2,5.5
266,148,6.9,4.1,3.9,7,87.9,6.6
267,124,0.5,3.0,2.8,5,81.5,5.7
268,130,4.5,4.2,3.3,8,74.5,6.7
269,121,2.4,0.5,2.1,8,60.4,4.1
270,120,2.3,2.2,2.5,8,69.8,4.7
271,100,6.2,0.5,1.8,10,67.9,3.5
272,129,2.9,1.9,1.4,10,66.1,3.8
273,117,4.6,3.8,3.4,6,78.5,7.5
274,179,6.2,5.6,3.4,8,97.1,8.3
275,164,2.0,3.7,3.8,6,89.1,6.9
276,131,0.5,3.2,2.3,7,55.9,5.1
277,99,5.1,3.3,2.2,6,59.8,4.1
278,89,0.5,0.5,1.1,10,74.9,3.5
279,153,9.7,4.7,3.7,8,79.1,8.5
280,127,2.4,3.6,2.8,7,62.2,5.6
281,133,9.5,2.6,2.7,9,84.5,7.4
282,71,5.1,1.6,2.9,3,63.4,4.9
283,146,5.5,5.6,4.1,3,93.5,8.6
284,133,7.9,1.9,3.1,8,78.8,6.5
285,89,2.2,0.8,1.2,7,67.9,3.5
286,107,6.6,1.8,1.9,7,72.6,5.0
287,127,2.5,3.3,2.3,5,83.0,6.0
288,121,8.7,2.4,2.9,7,90.2,7.3
289,112,3.7,0.7,2.0,11,74.4,4.4
290,117,0.9,1.5,1.6,8,61.0,3.5
291,113,8.3,3.4,2.3,7,75.0,6.6
292,124,6.3,4.6,1.9,6,84.2,6.1
293,161,5.8,2.6,3.3,6,95.7,6.9
294,50,4.2,1.8,1.0,3,54.0,3.8
295,113,3.9,1.3,2.7,7,80.1,5.0
296,125,6.6,3.5,2.6,9,80.0,6.7
297,128,8.1,3.3,4.1,4,97.4,8.1
298,110,3.6,1.9,2.9,6,66.7,5.4
299,71,10.9,1.5,1.6,5,57.7,5.3
300,129,5.2,3.4,3.4,5,76.6,7.4
301,168,7.0,4.0,2.6,7,85.0,7.9
302,77,12.9,3.0,1.7,3,58.9,6.7
303,144,5.2,3.2,3.0,8,60.9,6.6
304,111,16.4,0.5,1.1,8,67.3,5.3
305,118,11.6,3.5,2.5,7,76.0,7.2
306,91,4.8,2.1,1.9,3,65.8,5.1
307,111,7.0,3.9,2.7,5,86.8,6.5
308,156,7.1,2.3,2.3,9,82.9,7.3
309,136,4.3,2.3,3.5,3,91.8,8.4
310,169,10.9,4.7,3.5,6,91.5,8.7
311,153,17.1,6.5,4.1,5,91.7,9.5
312,132,14.9,3.4,2.6,8,78.6,7.9
313,169,6.9,4.0,3.1,6,99.3,8.6
314,132,16.2,2.4,2.5,8,77.0,7.0
315,143,8.0,4.5,2.1,8,83.4,6.4
316,112,6.1,0.8,2.2,10,71.2,4.5
317,122,4.0,2.0,2.9,7,72.6,5.4
318,100,2.6,2.9,3.4,8,69.8,4.5
319,148,9.9,2.3,3.0,4,100.0,8.0
320,87,4.7,2.4,1.5,9,60.2,3.9
321,142,2.2,3.7,2.7,6,84.5,6.2
322,115,4.8,3.5,2.7,6,82.3,6.6
323,153,6.9,4.4,3.3,7,91.9,8.4
324,141,7.3,3.8,3.2,4,83.4,8.2
325,171,6.4,3.6,4.0,7,72.6,7.5
326,140,6.0,2.4,2.3,9,81.6,6.2
327,76,4.3,0.6,2.2,8,44.3,3.6
328,118,6.1,3.8,3.1,4,86.7,6.1
329,87,2.1,2.3,1.9,7,65.3,4.5
330,105,12.6,3.6,2.0,8,75.5,5.8
331,162,5.6,5.8,5.0,4,83.3,10.8
332,138,4.1,4.1,2.6,5,70.5,7.5
333,100,0.5,0.9,2.1,9,67.8,4.0
334,92,2.7,0.8,1.6,7,65.4,3.9
335,121,4.2,3.4,3.4,8,69.9,5.8
336,86,2.5,0.8,2.0,10,61.4,3.5
337,101,5.4,1.7,1.7,8,86.7,3.5
338,129,6.4,1.8,2.8,8,81.5,5.2
339,152,3.5,1.6,2.6,12,85.9,5.1
340,137,2.2,3.3,2.5,7,85.0,4.6
341,56,2.9,2.5,1.9,6,66.2,3.5
342,129,6.3,1.8,2.8,8,74.4,5.4
343,122,6.7,3.2,2.6,8,59.2,5.5
344,132,6.6,2.6,2.8,6,77.3,5.9
345,165,3.6,4.5,3.8,5,95.2,8.0
346,62,2.5,1.9,1.1,11,45.8,3.5
347,103,9.1,2.8,2.1,8,66.7,5.6
348,137,5.1,3.8,2.6,6,75.3,6.1
349,76,5.2,3.6,2.4,9,69.3,4.1
350,161,4.5,2.7,2.7,7,91.5,6.8
351,130,5.5,2.0,2.9,7,81.6,5.5
352,144,6.6,2.3,2.7,8,84.6,5.7
353,104,6.0,2.8,3.4,5,70.9,6.7
354,143,3.6,0.5,2.3,8,81.3,5.0
355,150,3.5,2.3,2.3,10,71.7,4.6
356,127,0.5,1.3,2.0,8,59.8,4.4
357,127,3.6,3.7,2.9,6,78.2,6.3
358,128,4.0,2.7,2.0,6,79.7,4.4
359,96,2.5,1.0,1.9,6,76.3,4.3
360,116,6.0,2.2,1.3,7,83.8,5.6
361,116,5.6,3.4,2.7,6,84.8,6.4
362,131,0.5,1.2,2.2,9,68.3,5.8
363,148,6.0,3.1,2.6,4,82.9,8.0
364,90,1.7,0.5,2.3,9,66.4,4.4
365,116,7.5,1.1,1.8,6,91.5,7.4
366,161,4.1,3.1,3.6,8,95.7,7.6
367,99,5.0,2.0,2.0,5,77.5,5.2
368,97,2.6,0.8,2.7,9,62.4,4.6
369,126,4.5,2.0,2.8,9,67.6,4.7
370,144,6.0,1.3,2.2,9,84.7,5.6
371,120,3.5,2.8,2.4,4,69.3,5.4
372,157,2.1,4.0,3.4,8,82.4,7.0
373,144,1.9,3.2,2.7,8,79.4,5.4
374,144,5.6,3.9,3.2,4,95.4,7.3
375,136,4.8,1.9,3.5,7,76.3,6.4
376,185,3.4,3.5,3.2,8,75.4,7.1
377,114,6.0,1.7,2.3,8,74.7,3.8
378,64,2.4,1.2,2.0,7,52.3,3.5
379,165,3.8,4.1,3.7,8,86.8,6.5
380,107,3.1,2.7,1.8,10,66.5,3.5
381,123,4.7,2.8,2.2,9,71.0,5.3
382,157,12.4,3.4,2.7,3,94.6,8.7
383,75,7.1,2.1,1.2,6,50.8,4.8
384,85,1.5,2.2,2.1,7,59.9,4.4
385,75,3.8,1.2,2.0,4,68.3,5.0
386,98,4.3,2.6,2.2,7,63.1,5.1
387,132,3.4,2.6,3.1,9,64.3,5.5
388,135,4.7,1.5,2.4,5,85.2,6.9
389,128,2.2,2.7,2.4,8,83.3,5.9
390,80,2.3,2.1,2.1,5,63.7,4.6
391,55,0.6,0.7,1.1,6,41.8,3.5
392,122,1.0,2.1,3.0,10,76.5,3.5
393,107,1.2,1.6,2.9,6,59.5,4.7
394,133,2.8,3.3,2.8,8,79.1,5.5
395,140,6.1,4.4,4.2,4,76.8,8.6
396,124,4.8,1.6,1.4,10,64.1,5.2
397,141,2.8,3.2,2.8,8,76.2,4.9
398,126,4.0,1.6,2.8,7,74.5,6.4
399,135,0.5,1.3,2.2,8,73.0,4.0
400,100,3.6,0.5,2.7,4,75.1,4.4
401,115,11.5,2.4,1.6,9,67.4,5.0
402,126,7.4,2.1,3.1,6,83.7,6.2
403,143,3.9,3.7,3.5,7,82.9,5.8
404,109,6.1,2.8,2.6,6,66.8,6.0
405,135,1.1,2.9,1.9,6,73.4,5.9
406,113,0.5,0.5,1.7,8,59.4,4.5
407,117,6.2,2.6,2.8,7,75.1,5.4
408,143,8.6,4.9,2.8,8,77.4,6.9
409,64,4.1,2.7,1.0,7,40.6,3.5
410,84,2.9,2.7,2.4,8,58.4,5.2
411,78,0.5,1.9,2.0,6,56.1,3.5
412,55,0.5,0.5,1.0,11,61.5,3.5
413,101,3.3,3.4,3.1,4,59.4,5.8
414,141,3.1,2.2,2.3,9,68.2,4.5
415,112,10.9,2.5,1.8,9,77.4,5.1
416,126,16.6,3.3,3.1,5,87.3,7.8
417,150,4.8,3.1,3.6,11,73.8,5.5
418,157,7.1,4.2,3.8,9,78.7,7.2
419,118,11.0,2.7,2.4,9,75.7,6.1
420,158,6.7,4.5,3.5,7,69.1,7.2
421,123,3.2,2.2,3.0,7,61.9,5.1
422,97,3.3,0.5,1.4,7,65.1,3.7
423,103,7.4,3.7,2.4,8,78.7,5.4
424,79,0.8,2.9,1.0,10,55.6,3.5
425,95,10.0,2.6,2.2,7,67.2,5.5
426,110,6.1,1.2,2.5,5,80.9,5.3
427,143,7.6,2.6,3.1,8,94.6,7.6
428,168,6.6,4.3,3.2,9,82.4,7.6
429,81,7.3,2.4,1.0,8,61.2,4.6
430,131,7.9,1.7,2.7,8,89.1,5.4
431,91,0.5,1.5,2.4,7,54.6,3.7
432,133,9.1,3.9,3.2,5,87.1,6.7
433,116,3.1,3.5,2.6,5,67.7,5.3
434,69,3.5,2.2,2.9,4,62.4,5.5
435,146,2.4,1.7,3.2,7,80.1,7.0
436,103,4.4,2.6,2.5,7,62.2,4.2
437,105,2.0,3.5,2.9,6,63.6,5.0
438,90,4.4,2.5,2.7,3,70.9,5.5
439,102,4.3,2.3,1.9,5,77.6,5.5
440,132,8.9,1.3,1.2,9,74.7,3.8
441,115,8.9,1.7,2.3,6,74.0,4.7
442,129,5.3,3.9,3.0,8,79.7,6.4
443,130,4.6,3.7,2.9,4,73.2,5.4
444,157,5.2,3.9,3.3,10,87.3,6.4
445,110,7.3,3.8,2.4,7,76.7,5.9
446,79,4.4,0.7,2.4,8,78.9,4.1
447,150,13.5,2.5,2.4,11,76.4,6.2
448,111,5.7,1.9,2.3,10,65.1,4.2
449,151,5.1,3.3,3.5,6,89.7,7.9
450,131,5.6,4.4,3.7,6,84.0,7.3
451,116,0.6,1.5,1.6,6,70.1,4.0
452,130,6.0,1.5,2.3,8,73.2,5.3
453,175,11.0,5.1,4.0,7,94.3,9.2
454,178,7.5,5.5,4.5,6,86.6,10.2
455,122,7.2,3.1,2.3,10,68.7,5.6
456,124,2.9,2.8,2.4,7,75.8,6.2
457,150,6.4,3.5,3.0,11,86.0,5.8
458,96,1.2,2.2,2.6,7,62.6,4.0
459,129,2.6,1.7,2.1,10,60.8,4.3
460,119,4.7,1.6,2.6,8,59.3,4.9
461,129,3.9,3.0,3.1,9,65.9,4.8
462,97,0.5,2.0,3.3,6,58.9,5.6
463,75,0.5,3.6,2.4,5,61.4,5.0
464,62,0.5,2.2,1.4,8,47.3,3.5
465,89,4.1,1.8,1.7,9,57.8,4.1
466,107,8.1,2.8,2.6,7,64.7,5.7
467,112,7.2,2.6,2.6,5,70.5,6.4
468,174,3.2,3.4,3.8,5,100.0,7.3
469,151,9.5,3.8,2.9,4,90.9,7.9
470,93,6.1,3.0,3.1,4,69.0,5.8
471,130,7.8,2.8,2.1,7,73.8,6.3
472,109,3.0,1.9,1.8,9,65.7,3.7
473,112,6.9,3.3,2.4,7,73.9,4.0
474,125,6.8,3.6,4.2,3,83.6,7.0
475,137,7.6,2.4,2.6,7,72.7,6.1
476,111,5.6,3.4,2.0,7,71.6,5.3
477,150,0.5,3.0,2.3,11,64.8,6.0
478,88,3.5,2.4,3.2,4,68.9,5.7
479,120,18.4,2.4,1.1,6,80.3,6.6
480,193,6.4,3.9,2.9,10,90.9,7.6
481,126,4.9,3.5,4.0,8,87.5,7.2
482,160,7.0,4.4,3.4,8,78.8,7.0
483,123,11.8,5.1,2.0,7,76.4,6.6
484,136,7.8,3.1,2.7,8,77.5,5.5
485,118,6.2,3.0,2.4,8,71.7,6.3
486,115,12.3,1.6,3.0,6,72.7,6.6
487,98,5.3,1.5,2.9,9,66.1,4.0
488,132,6.4,4.7,3.2,5,85.5,7.2
489,96,4.9,1.7,1.7,8,75.4,4.5
490,139,4.6,0.5,3.3,7,79.7,5.7
491,150,3.6,4.0,2.8,6,89.7,6.6
492,130,2.2,4.2,2.1,7,72.1,5.2
493,112,4.4,0.5,1.5,6,78.0,4.9
494,133,5.1,4.3,2.1,5,74.6,6.2
495,111,8.4,0.5,2.0,6,79.9,5.0
496,146,7.2,4.4,2.6,5,99.3,6.8
497,69,5.2,1.3,1.7,8,56.8,3.5
498,111,5.4,0.5,1.9,5,58.0,4.8
499,64,8.2,1.6,1.0,8,52.4,3.5
500,78,5.6,2.8,1.4,5,72.0,4.6
501,158,5.8,4.2,3.1,6,90.3,8.1
502,145,8.6,4.1,2.8,6,84.2,7.8
503,100,5.8,1.6,2.8,9,73.1,4.9
504,78,0.8,0.5,1.3,8,63.8,3.5
505,50,3.5,2.1,1.7,7,61.5,3.5
506,105,8.3,3.7,2.1,8,74.9,4.7
507,188,7.0,6.8,4.2,3,100.0,9.9
508,132,6.2,0.7,2.3,7,80.1,5.5
509,104,5.5,0.5,1.7,11,71.5,3.5
510,133,2.5,1.6,2.3,7,75.8,5.4
511,76,4.1,0.5,1.8,7,56.6,3.5
512,112,13.8,2.5,2.1,8,82.5,4.9
513,123,3.2,2.1,1.8,9,74.4,5.1
514,118,7.9,2.3,3.5,3,83.0,6.8
515,142,6.5,4.9,3.5,4,84.5,7.3
516,130,3.7,3.2,2.5,7,72.9,5.0
517,139,13.5,3.3,3.1,6,80.8,7.8
518,101,4.7,1.2,1.9,9,76.4,5.0
519,145,5.9,1.3,2.6,6,86.4,6.1
520,166,6.5,4.4,3.7,4,78.8,8.2
521,93,2.1,1.7,1.9,5,66.4,5.1
522,95,5.6,2.4,2.0,3,83.0,4.5
523,157,4.9,3.5,2.3,7,83.6,7.9
524,115,0.5,2.1,2.2,7,59.9,6.2
525,159,5.4,4.0,3.7,6,100.0,6.2
526,108,7.9,1.9,1.7,9,73.2,4.5
527,161,6.5,5.4,4.4,9,83.8,7.4
528,124,1.5,2.6,3.1,7,72.6,5.3
529,127,2.7,4.2,3.8,3,87.7,7.1
530,164,5.2,3.9,3.6,8,82.4,7.8
531,110,18.2,2.7,3.2,8,78.0,6.8
532,94,3.6,1.7,1.5,8,69.0,3.5
533,107,7.0,0.5,1.0,9,69.8,3.7
534,133,6.1,3.6,2.7,5,80.9,7.1
535,76,4.0,0.9,1.6,11,55.6,3.5
536,138,3.2,3.1,3.2,5,88.7,5.7
537,105,5.3,1.5,2.3,8,62.4,5.9
538,152,3.9,4.1,4.2,4,75.2,7.4
539,53,4.9,0.5,1.8,5,60.2,3.5
540,98,2.2,1.6,2.2,10,68.8,3.5
541,73,13.5,1.9,1.2,7,63.3,4.8
542,97,4.6,1.8,1.3,9,68.0,4.9
543,127,4.2,2.7,3.5,7,73.9,6.4
544,115,5.9,4.3,2.5,7,78.0,4.9
545,113,3.5,1.1,1.8,9,69.6,3.5
546,116,2.6,1.1,2.1,7,69.4,4.3
547,126,8.4,2.3,2.6,4,76.6,6.5
548,92,7.6,0.5,1.7,6,80.7,3.5
549,140,2.1,3.8,2.1,8,66.9,6.0
550,139,6.7,3.8,1.9,8,82.2,5.4
551,131,2.3,3.8,3.0,4,68.5,7.4
552,136,2.5,2.0,2.6,6,79.0,7.0
553,128,6.9,5.3,3.4,6,74.4,6.9
554,177,10.8,4.7,3.8,6,77.5,9.0
555,118,7.0,2.8,2.9,5,78.1,5.5
556,111,3.5,3.5,2.1,6,69.6,5.7
557,99,10.4,2.9,2.2,6,54.0,5.3
558,91,5.0,3.8,2.1,8,70.2,3.9
559,85,5.7,2.0,2.2,8,72.5,4.0
560,95,14.2,1.9,2.0,7,76.9,5.3
561,118,6.4,2.5,3.2,6,76.9,5.9
562,129,5.1,0.9,2.7,7,77.0,6.1
563,121,2.9,2.6,3.1,6,84.6,5.4
564,99,5.0,3.2,2.1,5,81.5,6.6
565,145,9.5,3.9,2.2,5,91.4,6.6
566,141,16.3,4.2,3.2,6,74.7,9.1
567,116,6.4,2.1,3.1,5,76.2,5.5
568,102,1.7,2.1,2.5,7,71.7,4.6
569,135,4.6,3.9,2.9,8,64.8,5.7
570,125,7.3,3.7,2.8,4,81.8,6.7
571,79,6.5,1.5,1.3,7,77.6,4.5
572,118,6.7,1.9,2.8,7,77.9,6.6
573,127,6.6,3.6,2.8,8,85.4,6.9
574,95,3.7,0.5,1.8,7,67.8,3.7
575,125,3.6,4.0,3.6,4,78.0,7.0
576,79,9.0,4.5,1.5,5,66.4,4.8
577,157,5.9,2.1,2.9,7,79.4,6.0
578,155,5.1,3.6,3.8,9,75.8,6.0
579,113,7.0,3.5,3.4,3,84.8,6.8
580,130,2.9,1.9,2.4,8,85.6,5.5
581,53,4.4,1.9,1.2,9,45.0,3.5
582,88,8.7,2.4,2.0,7,71.2,4.8
583,112,4.3,1.3,1.0,8,70.0,5.0
584,90,8.9,2.6,1.6,6,68.4,5.7
585,140,6.2,3.2,2.9,7,83.2,6.2
586,176,11.9,8.4,3.7,4,100.0,9.5
587,87,1.7,2.5,2.5,3,68.7,5.4
588,97,10.6,2.3,2.5,9,75.0,3.6
589,127,3.5,1.2,2.7,5,80.3,6.5
590,165,5.4,3.3,2.9,6,92.9,7.3
591,86,10.5,3.6,2.3,5,60.0,6.9
592,127,9.7,2.2,2.8,4,94.2,6.0
593,171,10.5,2.3,3.4,7,92.6,8.5
594,74,4.7,1.6,1.7,6,66.2,3.8
595,84,2.2,3.4,3.0,8,50.9,4.2
596,108,8.9,1.4,1.0,8,63.6,3.6
597,105,15.9,1.9,1.9,8,77.2,6.1
598,143,4.3,1.3,2.9,7,82.9,6.5
599,127,0.5,2.0,1.9,10,59.7,5.3
600,70,7.0,3.0,2.4,5,68.3,5.5
601,134,6.7,1.6,3.2,7,74.4,5.7
602,104,10.2,2.9,2.0,9,77.1,4.5
603,156,2.4,3.8,2.8,9,82.2,5.3
604,102,7.6,3.7,2.5,4,73.0,7.1
605,102,5.1,2.6,2.3,6,77.9,4.7
606,135,5.9,3.2,2.5,9,70.2,6.6
607,141,0.7,3.2,2.7,8,72.4,5.9
608,133,17.9,4.6,2.9,7,76.5,8.0
609,73,5.4,0.5,2.1,7,65.7,3.5
610,135,4.0,1.2,2.2,6,70.2,5.9
611,91,4.4,0.5,1.3,8,52.6,3.5
612,127,3.7,1.9,1.7,7,81.9,4.9
613,80,1.7,2.1,2.3,7,57.8,4.4
614,132,3.6,3.2,2.9,7,74.9,5.9
615,97,0.5,3.0,2.5,6,55.1,4.2
616,84,4.9,2.1,1.0,8,57.4,4.0
617,140,7.3,2.0,3.3,12,74.9,5.4
618,127,4.3,3.3,2.7,4,85.6,6.9
619,103,4.0,0.8,2.2,8,62.5,3.9
620,161,6.7,4.3,3.8,6,98.9,7.5
621,108,4.2,1.8,1.6,8,64.6,5.4
622,121,2.7,0.5,2.2,7,69.5,5.6
623,128,3.9,4.9,2.6,8,86.2,6.7
624,103,16.2,3.7,3.5,9,68.4,6.2
625,133,4.4,2.4,2.9,7,74.0,5.7
626,105,8.2,4.2,2.9,9,66.4,6.4
627,108,5.7,3.0,3.4,3,83.9,6.5
628,158,4.6,3.4,3.0,10,92.7,6.1
629,91,5.7,0.7,1.3,8,58.6,4.9
630,52,4.4,2.8,1.6,9,51.3,3.5
631,165,7.9,3.9,2.7,5,90.1,9.1
632,191,8.9,6.0,4.8,6,89.4,8.9
633,109,2.7,3.2,2.4,7,70.3,5.4
634,66,2.7,1.5,1.0,7,57.8,4.4
635,111,4.6,1.8,2.1,8,78.3,4.8
636,112,2.1,3.0,2.5,9,78.1,4.6
637,115,3.9,5.3,2.7,4,73.2,5.8
638,89,6.1,1.9,2.1,9,61.2,4.8
639,136,6.1,2.9,2.3,7,83.5,5.7
640,135,1.6,2.5,2.1,7,74.4,5.2
641,78,0.5,3.2,2.1,4,68.5,3.7
642,140,8.7,2.6,2.8,8,78.4,7.4
643,177,5.9,4.9,3.8,3,88.3,9.8
644,125,7.4,1.5,3.2,8,67.8,5.6
645,111,5.1,1.3,2.3,4,84.4,4.9
646,116,6.7,2.0,2.6,7,71.7,6.5
647,137,9.5,3.3,2.9,7,90.6,6.7
648,72,2.1,2.4,1.0,9,54.0,3.5
649,125,7.9,2.9,1.9,7,77.5,4.6
650,109,6.2,1.5,2.4,6,88.4,5.1
651,172,8.7,4.6,4.7,6,83.2,7.9
652,115,3.6,3.4,2.5,9,57.2,4.5
653,167,8.8,4.6,2.3,8,96.1,8.1
654,89,4.6,1.2,1.0,6,59.9,3.7
655,136,6.4,2.9,3.2,7,78.7,6.7
656,129,5.5,4.5,3.0,4,75.6,6.6
657,96,3.3,0.9,2.6,8,67.7,4.2
658,125,8.5,3.5,2.5,4,71.8,8.0
659,154,3.4,5.7,3.2,8,81.9,6.8
660,111,4.6,2.6,2.8,7,74.4,5.6
661,73,3.0,0.5,1.0,11,48.8,3.5
662,120,5.1,3.1,2.5,5,71.1,7.0
663,95,2.5,1.1,2.1,7,64.1,3.8
664,110,3.7,0.5,2.3,10,58.0,4.6
665,118,3.6,2.6,2.2,9,68.4,4.6
666,72,0.5,2.9,2.3,6,61.4,4.4
667,75,3.0,0.9,1.5,7,57.7,3.8
668,133,2.3,1.9,2.0,7,76.0,4.9
669,105,0.5,1.2,3.2,8,68.4,5.1
670,50,3.3,0.9,1.0,6,49.4,3.5
671,142,6.9,2.6,2.6,7,85.4,7.0
672,128,7.4,2.5,3.0,4,89.5,6.7
673,100,4.8,3.7,2.2,7,64.7,5.3
674,83,0.5,1.4,1.5,8,65.3,3.5
675,143,2.1,3.6,2.9,7,79.2,6.3
676,130,9.8,4.6,3.0,4,82.6,7.0
677,187,5.1,5.1,3.6,9,100.0,8.4
678,132,6.6,1.5,1.3,8,80.2,5.2
679,131,2.1,3.8,3.9,6,65.9,6.1
680,115,5.0,2.2,2.5,6,76.7,5.5
681,143,13.3,5.0,3.6,4,92.5,8.9
682,138,6.4,3.4,2.3,5,79.8,6.3
683,155,6.9,3.4,3.0,6,92.5,7.4
684,105,2.3,0.5,1.6,9,62.7,3.5
685,108,0.8,2.7,3.2,6,61.0,6.8
686,107,4.7,1.4,1.8,8,70.1,5.0
687,142,1.4,1.6,3.5,6,69.3,6.1
688,162,6.7,4.3,2.9,7,84.9,8.2
689,107,10.9,3.2,2.0,7,79.1,4.5
690,108,11.0,4.4,1.9,9,55.0,3.9
691,129,5.5,3.1,3.5,6,68.7,6.2
692,113,3.7,1.6,1.7,4,67.7,4.3
693,147,1.3,2.0,2.5,5,83.7,6.1
694,57,0.5,1.1,1.0,6,53.5,3.5
695,97,7.9,2.2,1.7,5,78.9,5.9
696,98,2.7,0.5,1.6,8,73.1,3.5
697,55,1.5,0.8,1.0,6,59.0,3.5
698,93,14.8,0.5,1.2,11,62.9,4.0
699,94,2.0,2.4,1.3,4,72.0,4.8
700,114,1.0,0.9,1.9,7,66.2,3.9
701,151,6.3,4.4,4.0,5,91.3,9.0
702,113,1.6,1.0,2.7,6,65.1,4.8
703,91,2.6,1.0,2.1,7,71.1,5.1
704,118,4.1,2.5,2.4,3,85.7,5.8
705,149,6.8,3.0,2.2,7,84.2,7.0
706,93,2.7,1.0,1.0,10,61.7,3.5
707,95,3.7,3.3,2.2,6,70.3,4.7
708,136,4.3,4.0,3.3,7,58.8,6.8
709,114,4.0,3.1,2.7,9,72.3,4.8
710,138,4.4,4.7,3.2,7,78.6,5.0
711,120,5.6,3.0,2.2,6,74.6,3.8
712,140,7.7,4.1,3.4,3,88.9,8.9
713,91,3.1,2.3,1.7,8,63.8,4.7
714,120,3.8,3.4,2.4,7,66.0,6.7
715,114,2.7,3.9,3.8,5,73.2,6.3
716,86,1.6,0.5,1.0,7,64.3,3.5
717,76,5.0,0.8,1.7,6,62.6,3.6
718,139,6.4,3.6,3.6,6,81.8,7.1
719,110,5.9,2.2,1.4,8,77.3,4.0
720,91,3.6,1.8,1.9,5,59.7,5.6
721,117,4.5,2.9,1.9,9,72.3,6.2
722,152,8.5,5.6,3.3,4,95.6,8.9
723,56,5.1,2.4,1.0,6,43.7,3.5
724,78,5.0,2.3,1.7,10,59.7,3.5
725,94,2.8,0.5,2.2,9,60.1,4.6
726,161,8.7,4.7,3.5,7,83.7,8.0
727,128,4.8,2.2,2.4,5,72.1,5.7
728,141,6.6,1.9,3.1,6,80.1,6.9
729,88,5.5,1.1,1.4,7,77.3,3.7
730,89,3.5,2.8,1.8,7,55.8,4.4
731,133,2.4,4.0,3.9,7,69.7,5.4
732,122,5.1,4.6,2.6,7,65.5,6.7
733,135,12.6,3.2,2.1,7,90.6,6.9
734,115,3.5,5.3,2.9,4,72.3,7.3
735,128,5.1,2.6,2.0,6,77.2,5.6
736,124,3.2,1.7,1.7,9,70.4,4.3
737,142,3.7,1.9,2.6,5,76.0,5.4
738,143,8.5,4.4,2.7,7,79.3,7.5
739,75,3.6,1.5,2.3,6,78.7,3.7
740,57,2.5,0.7,1.7,7,64.8,3.5
741,148,1.4,4.9,3.4,6,77.4,6.9
742,153,4.1,3.7,2.1,10,85.4,6.0
743,91,0.5,2.1,1.6,8,58.5,3.5
744,68,4.4,1.5,2.0,5,48.0,3.9
745,123,11.5,2.5,2.1,8,81.0,6.5
746,146,5.6,3.4,3.0,6,90.9,6.8
747,170,15.3,5.9,3.8,6,97.3,9.5
748,134,6.5,4.3,2.5,8,73.9,6.2
749,110,2.6,2.6,2.6,6,70.8,5.1
750,95,6.9,4.0,2.7,9,69.7,4.3
751,120,4.3,3.5,2.5,6,77.7,5.9
752,112,2.7,2.5,3.1,6,69.8,6.1
753,92,2.6,2.8,2.4,6,55.3,4.0
754,177,8.3,6.0,2.9,6,92.9,8.4
755,170,6.3,5.4,2.6,9,94.6,6.6
756,152,3.5,4.1,2.5,8,74.2,6.9
757,94,3.4,0.7,1.2,10,67.7,3.5
758,144,2.3,2.0,2.4,11,79.5,4.4
759,138,6.8,4.4,3.4,5,86.7,7.6
760,132,1.7,4.8,3.4,7,83.7,5.7
761,155,4.4,4.6,3.6,5,81.6,7.0
762,138,5.7,3.6,2.7,6,69.1,5.5
763,141,5.6,2.7,1.9,6,77.6,5.4
764,138,7.3,3.3,3.1,5,87.6,8.1
765,130,4.5,3.0,3.0,5,75.2,5.9
766,70,5.6,1.7,1.7,7,54.1,4.1
767,122,5.5,5.4,4.0,5,63.9,6.6
768,104,6.1,1.8,2.7,9,79.5,5.3
769,84,6.2,2.4,2.5,5,71.0,4.4
770,167,7.8,2.0,2.2,12,88.5,6.0
771,168,6.0,4.9,3.2,6,96.2,8.2
772,158,3.3,5.0,3.2,7,89.4,8.8
773,127,5.7,4.5,2.5,5,76.4,7.0
774,158,6.5,3.6,3.1,10,81.3,6.2
775,120,6.4,2.8,2.5,9,69.0,5.7
776,126,4.6,1.9,1.9,8,93.2,6.7
777,89,2.2,2.9,2.9,5,70.6,3.9
778,131,5.6,3.2,2.8,7,74.1,5.5
779,122,5.0,2.4,1.8,5,79.9,5.6
780,84,0.5,0.8,1.5,10,53.1,3.5
781,119,6.4,2.9,2.5,8,83.2,5.4
782,118,0.5,2.2,3.0,7,68.8,4.2
783,170,4.9,4.6,3.7,3,96.5,9.8
784,145,9.4,6.0,3.7,5,91.0,7.6
785,120,8.7,5.3,2.5,8,75.7,6.2
786,127,1.9,0.5,1.7,9,74.8,4.8
787,121,3.6,0.5,1.5,9,72.4,4.1
788,114,9.4,2.6,3.4,4,74.8,6.2
789,90,6.9,1.9,2.5,8,60.0,3.7
790,116,2.8,2.8,2.4,9,67.7,4.5
791,99,4.3,3.5,3.3,4,81.1,5.7
792,85,6.7,2.3,2.5,7,62.7,4.8
793,134,3.6,3.6,3.1,7,72.7,5.2
794,131,6.2,2.1,2.3,6,74.7,6.5
795,70,0.8,2.2,2.9,4,69.7,4.6
796,117,4.7,2.7,2.9,6,78.8,6.0
797,148,2.4,1.7,2.9,6,87.3,7.3
798,150,3.0,2.0,2.7,7,81.2,5.8
799,149,16.4,3.3,3.3,6,87.7,7.9
800,121,8.6,3.1,1.7,6,70.8,5.5
801,96,2.8,2.1,2.5,7,65.0,4.4
802,90,2.5,1.6,1.3,8,70.8,3.5
803,130,5.2,1.3,3.0,6,84.1,5.5
804,131,13.2,1.9,2.6,6,71.4,5.3
805,156,7.2,4.4,3.0,7,78.8,6.9
806,151,0.5,0.8,3.0,4,87.1,6.7
807,116,3.8,3.2,2.2,8,83.9,5.4
808,85,3.4,0.5,2.9,7,50.1,4.9
809,111,4.2,3.5,3.1,7,73.2,6.9
810,126,4.3,1.5,2.6,9,64.2,5.4
811,114,4.9,4.1,2.9,3,71.8,7.5
812,104,3.5,6.2,3.2,3,70.6,7.3
813,127,3.3,0.7,3.3,7,73.2,6.5
814,106,3.1,2.3,1.8,7,66.1,5.7
815,102,6.5,0.5,2.2,7,68.7,5.2
816,129,2.9,2.6,1.8,6,74.0,5.9
817,109,2.9,2.0,2.8,8,59.5,4.6
818,127,5.6,3.2,3.5,9,79.6,6.0
819,128,8.7,1.9,2.6,8,80.7,5.7
820,88,3.5,1.7,1.0,7,70.3,4.1
821,107,5.5,1.7,3.1,3,63.3,5.5
822,160,8.7,4.7,2.6,8,87.1,7.3
823,87,3.6,0.5,1.3,9,66.8,3.5
824,61,2.5,0.5,1.7,8,48.1,3.9
825,68,2.3,3.4,2.0,5,60.5,4.1
826,121,3.8,2.0,2.1,8,72.5,5.2
827,121,7.7,3.9,1.9,9,85.2,6.6
828,117,6.1,3.1,2.2,10,83.6,5.3
829,154,5.1,3.1,3.1,5,74.5,8.1
830,50,1.7,0.8,1.0,7,70.5,3.5
831,131,2.0,2.5,2.4,8,69.9,6.7
832,164,11.5,6.0,3.5,7,94.1,9.5
833,88,4.1,2.4,2.1,5,73.2,4.9
834,109,1.6,1.4,1.4,8,62.7,4.8
835,99,7.3,1.9,2.6,8,70.2,4.1
836,95,4.3,0.9,1.0,7,65.7,3.6
837,111,5.9,3.4,2.1,7,75.2,6.3
838,160,5.7,3.6,2.9,7,87.6,6.0
839,171,6.1,3.3,3.2,10,94.7,7.4
840,111,4.1,2.2,2.9,5,73.8,6.0
841,173,3.2,4.2,4.2,6,89.7,9.4
842,121,5.2,0.9,2.1,7,82.0,4.1
843,169,7.0,3.3,3.5,9,90.8,8.4
844,117,9.4,4.8,2.9,4,81.2,6.9
845,124,4.6,2.2,1.9,5,72.5,5.3
846,130,0.5,4.8,4.2,3,73.7,6.5
847,200,10.7,2.5,3.2,7,94.0,7.9
848,144,11.1,4.8,3.4,5,78.9,8.3
849,100,6.5,2.1,2.5,6,74.5,4.5
850,147,4.3,2.7,3.0,8,87.9,6.9
851,110,5.5,2.4,2.2,6,70.9,4.8
852,106,3.5,1.7,2.7,7,79.8,4.2
853,145,13.1,1.3,2.2,6,92.1,6.7
854,121,3.9,3.1,2.4,8,75.0,5.5
855,128,4.3,2.5,2.2,8,69.6,5.0
856,120,1.7,1.9,2.3,6,86.0,5.3
857,129,2.3,1.8,2.9,7,76.3,5.9
858,132,4.8,1.4,3.1,9,76.5,6.1
859,66,2.1,1.1,1.2,8,54.4,3.5
860,139,5.7,5.7,3.7,4,76.5,7.2
861,93,0.5,1.5,1.9,8,54.6,3.7
862,80,15.7,0.9,1.5,5,68.4,5.5
863,118,0.9,1.7,2.0,10,64.9,3.5
864,122,19.5,2.8,2.2,9,94.0,6.4
865,101,0.5,2.0,1.7,8,59.7,3.5
866,143,1.9,3.8,3.2,7,72.1,6.1
867,82,4.6,0.5,2.0,7,66.2,3.5
868,109,8.9,2.1,1.3,8,80.4,5.4
869,104,4.9,0.5,1.4,6,70.7,3.5
870,119,6.2,1.2,2.7,7,77.7,4.4
871,128,3.2,1.7,2.0,9,61.5,4.4
872,92,0.9,2.2,2.3,6,61.9,4.2
873,140,3.4,1.9,3.4,6,73.5,5.3
874,122,0.7,2.9,2.1,5,63.3,4.9
875,67,0.5,1.8,1.0,5,60.9,3.5
876,65,3.9,2.6,2.8,4,44.8,4.5
877,120,9.8,1.8,2.6,8,63.7,5.7
878,114,4.3,0.5,1.8,10,65.4,3.5
879,117,7.0,2.6,1.6,10,64.3,5.5
880,119,5.8,1.4,2.6,4,79.5,6.3
881,126,3.8,3.0,1.9,8,76.9,4.7
882,147,8.9,3.1,3.1,10,85.4,6.6
883,89,4.9,1.5,1.7,6,71.0,4.4
884,87,7.0,0.5,2.5,7,72.1,5.2
885,89,2.3,2.0,2.2,3,68.7,4.6
886,128,5.2,3.0,2.1,7,78.5,6.2
887,155,4.2,2.5,3.2,5,90.1,7.2
888,108,3.3,1.6,1.0,7,71.4,5.1
889,50,2.4,1.7,1.6,4,53.2,4.3
890,72,1.4,0.5,1.4,8,56.3,3.5
891,97,0.5,2.2,2.3,9,59.4,3.7
892,104,1.3,0.5,1.3,6,73.2,4.3
893,109,0.5,3.0,3.2,5,72.0,5.4
894,121,2.2,5.1,3.5,3,73.7,8.1
895,111,5.1,4.1,3.0,7,66.7,5.8
896,149,1.2,3.8,3.1,6,75.2,6.3
897,101,2.0,2.3,3.1,4,78.2,5.3
898,96,7.6,0.5,1.2,8,66.4,3.5
899,133,3.0,2.9,3.3,6,72.9,6.5
900,77,4.7,2.2,1.6,5,68.8,3.7
901,131,6.0,1.7,1.9,6,74.4,6.4
902,123,4.8,2.5,1.7,9,63.1,3.9
903,116,1.7,4.1,2.3,8,78.9,5.3
904,164,5.1,3.6,2.9,7,83.4,7.9
905,103,0.5,0.5,2.3,8,65.0,3.5
906,178,12.1,3.3,2.8,5,93.7,10.0
907,114,1.7,2.1,1.2,7,80.2,4.2
908,84,1.1,1.8,2.6,7,63.3,4.1
909,122,1.5,3.7,3.2,6,67.2,6.2
910,90,0.6,0.5,1.3,8,67.8,3.5
911,99,6.6,2.9,2.3,6,65.3,5.4
912,131,11.6,3.2,3.2,8,89.5,7.6
913,136,3.9,2.2,2.9,8,77.8,6.1
914,103,0.5,2.1,2.8,3,57.3,6.5
915,148,0.6,1.9,3.4,9,82.9,6.0
916,152,6.9,6.2,3.2,3,100.0,10.1
917,160,6.5,4.0,3.4,6,98.0,8.5
918,135,4.8,3.2,2.5,9,89.3,4.7
919,158,14.8,3.9,3.2,6,79.3,10.0
920,67,4.7,0.8,1.7,4,67.5,3.6
921,111,4.6,2.3,2.6,5,68.2,6.5
922,96,3.0,2.3,1.9,9,66.4,3.9
923,123,1.6,2.1,2.4,4,69.0,6.3
924,104,4.8,0.9,2.4,9,62.7,3.8
925,115,3.9,2.0,1.9,7,67.8,5.2
926,173,9.2,5.3,3.6,5,98.2,8.9
927,115,6.8,4.2,2.4,6,79.1,7.2
928,132,2.2,3.6,3.2,5,81.5,6.8
929,113,0.5,1.4,1.0,9,60.4,4.1
930,122,2.6,3.2,2.9,8,71.4,4.0
931,120,2.0,1.5,2.5,4,71.8,5.4
932,133,7.4,2.7,3.5,6,85.0,7.2
933,153,7.5,2.9,3.1,5,94.1,7.8
934,166,9.1,2.5,3.1,9,93.2,7.8
935,129,5.3,4.7,4.0,5,73.4,7.0
936,137,13.8,3.1,2.3,10,56.9,6.2
937,88,5.6,2.2,2.6,7,52.0,5.5
938,118,6.8,0.5,2.7,5,85.4,4.4
939,146,5.3,5.8,3.3,6,80.0,7.9
940,144,8.1,2.8,3.1,6,76.9,6.7
941,126,6.5,5.5,3.3,5,89.3,6.9
942,145,5.7,1.7,2.6,7,90.4,6.5
943,134,15.2,2.8,2.5,5,80.4,8.3
944,154,7.4,2.2,3.3,3,86.1,8.5
945,128,7.5,3.5,2.8,6,76.5,6.5
946,110,4.6,1.6,2.6,4,75.6,6.2
947,129,9.1,2.4,3.2,6,88.9,7.4
948,50,0.5,0.5,2.2,5,58.0,3.5
949,131,5.6,3.7,2.4,5,84.4,6.2
950,50,2.9,1.1,1.0,11,57.2,3.5
951,72,1.4,2.6,1.0,7,51.4,3.8
952,133,10.8,3.3,3.9,7,83.2,7.3
953,133,4.9,3.9,3.3,4,78.8,6.4
954,87,2.1,0.6,2.3,6,47.5,3.5
955,100,3.1,0.9,1.4,7,53.1,4.4
956,158,0.8,3.4,3.4,5,80.3,6.7
957,106,2.6,2.1,2.3,9,71.5,4.5
958,183,9.1,6.2,3.8,5,95.7,10.4
959,120,3.4,4.0,3.2,6,76.3,5.3
960,131,4.7,3.0,4.1,6,92.0,7.0
961,165,7.9,4.8,2.8,7,78.6,7.5
962,124,7.7,2.6,2.1,6,76.0,6.2
963,92,5.0,1.1,1.5,7,67.7,4.8
964,117,2.9,2.1,3.3,7,67.9,4.5
965,119,4.1,2.4,3.2,6,74.9,6.2
966,82,1.2,2.8,1.6,8,50.4,4.3
967,113,3.2,2.4,2.4,7,81.8,5.1
968,99,1.0,1.4,1.7,7,62.9,3.8
969,146,5.7,3.7,3.6,6,97.0,7.8
970,121,2.2,4.4,2.2,8,73.1,5.5
971,112,1.6,3.2,2.2,7,78.8,5.4
972,117,9.8,2.4,2.9,6,73.7,6.6
973,126,5.2,2.3,2.5,7,75.6,5.0
974,137,8.1,2.3,2.3,10,72.0,6.1
975,92,2.5,2.1,2.3,5,68.4,5.4
976,91,4.4,1.0,2.3,8,66.5,4.2
977,151,6.0,5.2,4.3,4,80.8,7.4
978,108,8.0,3.9,2.6,7,69.5,5.7
979,80,4.6,0.5,1.9,10,54.7,3.5
980,132,8.3,1.7,2.5,8,92.7,5.3
981,133,5.6,2.2,2.4,7,77.3,5.6
982,77,3.9,1.5,2.2,6,72.9,3.5
983,126,3.8,4.7,2.7,7,74.4,6.5
984,141,2.4,3.5,2.1,7,82.1,6.0
985,130,2.2,3.7,2.6,6,68.8,4.8
986,138,3.5,2.9,2.9,6,77.3,6.5
987,81,0.9,0.9,1.5,7,63.8,3.5
988,129,7.1,2.2,3.6,6,88.8,7.1
989,112,12.4,3.8,2.8,6,74.2,6.4
990,106,3.4,3.3,3.3,5,81.5,5.5
991,144,6.3,4.5,3.0,8,84.7,6.3
992,161,4.8,3.4,3.2,8,96.7,6.8
993,170,5.5,3.7,2.9,7,88.6,7.4
994,157,5.9,3.5,3.0,9,99.8,7.0
995,117,5.4,3.3,2.5,7,69.7,5.4
996,130,2.7,0.5,1.8,8,70.6,4.2
997,141,6.4,3.6,2.5,8,70.8,5.9
998,123,5.9,2.5,2.4,7,91.2,7.5
999,124,4.0,1.8,2.9,6,81.9,5.3
1000,143,1.8,0.5,2.7,11,74.6,4.2
